Company,URL
128 Technology,https://careers.juniper.net/?lang=en
1336 Technology,https://cubicpv.com/careers
1910 Genetics,
1stdibs,
23andme,
2k games,
343 industries,
360training,
3Play Media,
6 River Systems,
6sense,
9Star Research,
A Cloud Guru,
Aaptiv,
Abacus Insights,
"Abarca Health, LLC",
Abila,
Ability Network,
Abrigo,
Academia,
Acceleron Pharma,
Accruent,
AccruePartners,
Aceable,
Achievers,
acorns,
Acquia,
ActionIQ,
ActiveProspect,
Activision Blizzard,
Acumera,
Acxiom,
Adaptive Insights,
addepar,
adept,
Adlucent,
adobe,
AdQuick.com,
Advantage Solutions,
Aegerion Pharmaceuticals,
Aera,
Aera Technology,
Aetion,
Aeva,
Affectiva,
Affinipay,
affirm,
AffirmedNetworks,
Agenus,
Agero,
AgileAssets,
Agilent,
Agios Pharmaceuticals,
Agrivida,
Aileron Therapeutics,
AirBnb,
Airfox,
Airtable,
Airtime,
Airvet,
Akamai,
Akebia Therapeutics,
Akido Labs,
Akili,
AkitaBox,
Akuna capital,
Alation,
Albert,
Alchemy Systems,
AlertMedia,
Algebraix,
Algorand,
Alien Vault,
AlienVault,
AliveCor,
All Web Leads,
AllClear ID,
AllianceIT Inc.,
Almanac,
Alnylam Pharmeceuticals,
aloft,
Altair,
Altruist,
AltSchool,
Alyce,
amazon,
Ambient Corporation,
Ambiq Micro,
AMD,
american express,
American Well,
Amherst,
Amino,
Amobee,
Amphibians,
Amplitude,
Anaconda,
Analytical Space,
Anaplan,
Ancestry,
Andiamo Partners,
AngelList,
Angie's List,
Animoto,
Anyone Home,
anyscale,https://jobs.ashbyhq.com/anyscale/a83ce0ba-44ab-4d81-9c8c-bfda757377cd?departmentId=7f89e5e5-4197-4076-975c-87fb237c9cc6&employmentType=FullTime&locationId=2e92941a-671c-46b0-a76c-b9bb209060d3
Apigee,
Apollo,
Appcues,
AppDirect,
AppDynamics,
AppFolio,
Applause,
apple,
AppLovin,
AppNeta,
Appnexus,
Apps Associates,
Apptio,
Apptopia,
Apriori,
Aptible,
Aptiv Mobility,
Apttus,
Aquinnah Pharmaceuticals,
Arise Healthcare,
Arista,
ARM,
Armada Biosystems,
Armored Things,
Arrive Logistics,
Arxan,
Asana,
Asco,
Asics Digital,
Asimov,
Aspiration,
Aspiration Software,
Assembly,
AssetWorks,
Asuragen,
Asure Software,
AT&T,
Athena Security,
AthenaHealth,
Atlas Sand,
Atlassian,
Atom Tickets,
Atomic,
Atrium,
Atticus,
Attivio,
Audience,
Auditboard,
August,
Aunt Bertha,
Aura Biosciences,
Aurea Software,
Austin EastCiders,
Autodesk,
AutomatedInsights,
Automattic,
Ava,
Avalara,
Avant,
Aveo Pharmaceuticals,
Avoka,
Axcella,
Bain & Company,
Baker Technologies,
Balluun,
Balto Software,
Bamboo HR,
Bandpage,
Banyan Water,
barclays,
Barkly,
Bazaarvoice,
Beachbody,
Beacon Interactive Systems,
Beam Therapeutics,
Beepi,
Bellhops,
Belstone,
Benchling,
Benson Hill,
benz,
Beology,
Berkshire Grey,
Bestow,
Betr,
BetterCloud,
BetterLesson,
Betterment,
Bevi,
BeWellConnect,
BHE,
BHI,
BiddingForGood,
BigCommerce,
BigR.io,
bill.com,
BioBright,
BioWare,
Bitcasa,
Bitcoin IRA,
Bitly,
Bitnami,
Bitsight Technologies,
Bixal,
Biz Library,
Blackbaud,
Blackberry,
Blackline,
BlackLocus,
Blend,
Bliss Point Media,
blizzard,
Bloomberg,
Blue Apron,
Blue Jeans Network,
Blue Origin,
Blue Owl,
Blue Sky Studios,
BlueMetal,
BluePlanet,
Blueprint Medicines,
BlueSnap,
BMF Tech,
Bodyport,
Boeing,
Bondlink,
Bookbub,
Booking.com,
Boom Technology,
Borland,
Bose,
Boston Red Sox,
Boston Scientific,
Botkeeper,
Bottle Rocket,
Bouelvard,
Boundless Learning,
"Bowmo, Inc",
Box,
Boxed,
"Brace Software, Inc",
Brainbase,
BrainCo,
Braintree,
Brandbot,
Braze,
Breezeway,
brex,
Bridgewater Associates,
Brigade,
Bright Health,
Bright Machines,
Brightcove,
Broadcom,
Broadly,
Brocade,
Brooksource,
BuildASign,
Built In,
Bullhorn,
Buoy Health,
Bureau Translations,
Button,
Buzzfeed,
C3 IoT,
C4 Therapeutics,
CA Technologies,
cadence,
Calm Sea,
cambly,
Cambridge Mobile Telematics,
Cameo,
Camera IQ,
Canon Search Partners,
Cantina,
capital one,
Car2Go,
Carbon,
Cardflight,
CarGurus,
Carnival Cruise,
Cascade,
CaseNet,
Caserta,
Casetext,
Casper,
Castlight Health,
Catalant,
Catapult Systems,
Catch,
Catchpoint,
CBRE,
CCC,
CellScope,
Cellular Machines,
Celo,
Celtra,
Center for Policing Equity,
Centric Consulting,
Centrify,
Centro,
Cepheid,
Cerebri AI,
Cerity,
certik,
Cerulean Pharma,
CGI,
chainalysis,
Change.org,
ChannelMeter,
Chaotic Moon Studioes,
ChartBoost,
Chartio,
Checkr,https://checkr.com/company/careers
Cheesecake Labs,
Chegg,
Cheviot,
Chewy,
Chexology,
chime,
Chive Media Group,
ChoiceStream,
Chownow,
Chrysler,
CIBT,
Ciena,
CimCon Lighting,
circle,
CircleCI,
CircleUp,
Cirulation,
Cisco,https://jobs.cisco.com
Cision,
Citadel,
Citrix,https://careers.cloud.com/jobs/software-engineer-naperville-illinois-united-states-6c0e7498-9cf7-4221-a9fe-16b6344cc414
Citrus Lane,
City of Austin,
City of Austin - Design Delivery,
Civitas Learning,
ClassPass,
Classy,
Clear Ballot,
ClearCompany,
ClearData,
CLEAResult Consulting,
ClearMotion,
ClearSlide,
Clever,
Clicktime,
Climacell,
Cloud Elements,
Cloud Jee,
Cloud Technology Partners,
Cloudera,
cloudflare,
Cloudhealth by VMWare,
Cloudlock,
CloudMeter,
Cloudzero,
Cluster,
Clustrix,
Clypd,
Code.org,
Code42,
Codecademy,
Codefights,
CodeShip,
Cogito,
Cognite,
Cognition,
CognitiveScale,
Cognizant,
Cogo Labs,
cohere,
Cohere Health,
Cohesity,
Coinbase,
Collective Health,
College Vine,
Collider Media,
Color,
comcast,
Common Bond,
Community,
Community Brands,
Compass,
Complete Genomics,
Composable Analytics,
Comprehend Systems,
Comrad,
Conde Nast,
Confluent,
connectRN,
ConnectWise,
Consero Global Solution,
Contrast Security,
Convercent,
Conversant,
Core Digital Media,
Core Logic,
CoreOS,
Coresight,
CornerStone OnDemand,
Couchbase,
Couchsurfing,
Counsyl,
CounterTack,
Coupa,
coursera,
Craigslist,
Crave On Campus,
Crayon,
Credit Karma,
credit suisse,
CreditShop LLC,
Crew,
CREXi,
Cricket Health,
CRISPR Therapeutics,
Criteo,
Crossing Automation,
crowd strike,
CrowdRise,
Crowdstrike,
CrunchBase,
Crunchtime!,
Crytek,
Cummins,
Cumulus Networks,
curai,
Curalate,
curbFlow,
Curiosity Media,
Current,
Curse,
Cvent,
Cyanogen,
Cybba,
CyberArk,
Cybereason,
CyberGRX,
Cyglass,
Cylance,
CytoVale,
d e shaw,
Dachis Group,
Daily Harvest,
Databox,
Databricks,
DataCamp,
Datadog,
DataFay,
Datagrail,
dataminr,
DataRobot,
Datastax,
DataWire,
Dataxu,
Datto,
Dave - Banking for Humans,
Dealier Inspire,
Debtsy,
Deep 6 AI,
Deepmap,
Definiti,
Delivery Agent,
dell,
Delphix,
Demand Frontier,
DemandBase,
Demiurge Studios,
Democratic National Committee,
Descript,
Desktop Metal,
Detectify,
Device 42,
Devoted Health,
Dialpad,
Dialup,
Digital Ocean,
DigitalOcean,
Digitas,
Dimagi,
Directive,
DISCO,
Dish Network,
disney,
Disney Imagineering,
Disney Parks & Resorts,
Dispatch,
DISQO,
Disqus,
Distruptor Beam,
DJI,
Dochub,
Docker,
Doctor Genius,
Doctor on Demand,
Docusign,
Dogdrop,
Dollar Shave Club,
Domino Data Lab,
Domo,
DoorDash,
Doppler Labs,
Dosh,
Dot & Bo,
DotLoop,
Double Dutch,
Double Fine,
DoubleVerify,
Doxo,
Draftkings,
Dreamworks Animation,
Drift,
Drizly,
Droice Labs,
Dronebase,
DroneDeploy,
DroneSense,
Dropbox,https://jobs.dropbox.com
Dumpster Market,
Dun and Bradstreet,
Duo Security,
Duolingo,
Dust Identity,
Dynatrace,
E*Pro,
e-notice,
E2open,
"Eagle Eye Networks, Inc.",
EagleView,
Earnest,
EasyPost,
ebay,
Echelon Consulting,
Ecommerce,
Edcast,
EdenRoc Sciences,
Editas Medicine,
Edmodo,
Edmunds,
Edward Daniels Group,
EdX,
Eero,
EF Education First,
Effects Maker,
EGenesis,
Egnyte,
eHarmony,
Eigen,
eightfold,
Elastic,
Elasticsearch,
Electronic Arts,
Elementary Robotics,
Ellevation Education,
Embark,
Embr Labs,
EMC,
eMDS,
Emergency Services Partners,
Emmis Communications,
Emotive,
empowR,
Emulate,
Endpoint Closing,
Endurance International Corp,
Enel X,
EnergySavvy,
Enigma,
Enova,
Entelo,
EnterpriseDB,
Enthought,
Enverus,
ePac Flexible Packaging,
ePayPolicy,
Epic Games,
Epicor,
Epizyme,
EPRI,
ERCOT,
eSalon,
Escapia,
ESO,
ESPN,
Essential Products,
etsy,
Eventbrite,
Ever Innovation,
Everbridge,
Everlane,
Everlaw,
EverlyWell,
Evernote,
Everquote,
Evertrue,
Evolv Technology,
"EVS, LLC",
ExactTarget,
Examity,
Expedeon,
expedia,
Experian,
Exploding Kittens,
Express Employment,
Extension Engine,
Ezcater,
Eze Software Group,
F5,
Fabric Staffing,
Facebook,
Factset,
Factual,
Fair,
Fairmarkit,
FanDuel,
Faraday Futures,
Farcast,
Farmer's Business Network,
Fast Enterprises,
Fasten,
Fastly,
Favor,
Fedex,
Feed Magnet,
Feedonomics,
Fernish,
Fetch Package,
Fictiv,
FiftyThree,
figma,
FIGS,
FileCloud,
Filtered.AI,
FinancialForce,
Findmine,
First Resonance,
Fiserv,
Fisherman,
Fitbit,
five rings,
FiveStars,
FlashParking,
Flatiron Health,
Flatiron School,
Flex Discovery,
flexport,
Flipboard,
Flock,
FloQast,
FloSports,
Flowspace,
Flywire,
ForcePoint,
Ford Motor Company,
Forescout Technologies,
Forex Factory,
Formlabs,
Forward,
Forward Financing,
Foundation Medicine,
Foursquare,
Fractyl Laboratories,
frame.ai,
Freescale Semiconductor,
FreightPOP,
Friendbuy,
Fritz AI,
Front,
Front Gate Tickets,
FrontApp,
Fujitsu,
Full Contact,
Fullscreen Media,
Fundbox,
Funding Circle,
Funnel,
Fuze,
Gainsight,
Galvanize,
Gamalon,
Gap,
"Garcoa, Inc.",
Gardner Resources,
Gartner,
GDU Techology,
Geico,
gemalto,
gemini,
Genentech,
General Assembly,
General Compression,
General Electric,
General Motors,
Generation Bio,
Genesys,
Genocea Biosciences,
Genomic Expression,
Genomic Health,
Genospace,
Getaround,
Getty Images,
Gigster,
Gilt Groupe,
ginkgo,
Ginkgo BioWorks,
Github,
GitLab,
Glassdoor,
Glint,
Glu,
GNS Healthcare,
Go Health,
GoDaddy,
Gogo,
Goji,
Golden Frog,
goldman sachs,
GoodRx,
Google,
GoPro,
GoSite,
GoSpotCheck,
Gradient,
Grammarly,
Grand Rounds,
Grax,
Greathorn,
GreatPoint Energy,
Gree,
GreenChef,
GreenGrowth CPAs,
Greenhouse Software,
Griddy,
Gridspace,
Grindr,
Groupon,
Growth Acceleration Partne,
Grubhub,
GSD&M,
Guardant Health,
guidewire,
Guild Education,
GumGum,
Gun.io,
gusto,
H-E-B,
HackerRank,
Haiku Deck,
HalloApp,
Happie,
Harmony,
Harness,
"Hart, Inc.",
Harvard Medical School,
HashiCorp,
HaulHub Technologies,
Haven,
Havenly,
HBO,
Heal.com,
Health Catalyst,
Health IQ,
HealthEdge Software,
HealthEquity Inc.,
HealthTronics,
HEB,
Helium 10,
Helix,
Hewlett Packard,
HFYN,
Higher Ground Education,
HighRes Biosolutions,
Hinge,
HipCamp,
Hipmunk,
Hippoverse,
Hive,
Hologic,
Home Depot,
HomeAdvisor,
HomeAway,
Homology,
Honey,
Honeybee Health,
Hoovers,
Hopjump,
Hopper,
Hortonworks,
Hot Topic,
HotelTonight,
HotPads,
"HotSchedules, Now Powered by Fourth",
Houghton Mifflin Harcourt,
Houzz,
HP,
HPR,
Hq0,
HRT,
Hubspot,
Hudl,
Hugging Face,
Hulu,
Humana Studio_h,
Humatics,
Humon,
Hypebeast,
Hyper Giant,
Hypergiant,
Hyperloop One,
ibm,
Iboss,
Ibotta,
iCims,
Iconixx Software,
ID Theft Solutions of America,
Idealab,
IDIQ,
IFM Therapeutics,
IFTTT,
Ignite Mental Health,
IgnitionOne,
Ike,
Illumina,
Illumio,
Imagine Learning,
Imaginea,
Imgur,
Immersive Labs,
Immuneering Inc,
Imperfect Produce,
Imprivata,
Impulse Gear,
Inari,
InAuth,
InCloudCounsel,
Indeed,
Indico,
IndieGoGo,
Indigo,
Indigo AG,
Industrial Light & Magic,
Infinera,
Infinidat,
Infinity Pharmaceuticals,
Infinity Ward,
InfluxDB,
Infomet,
Informa,
Infowave,
InMobi,
innovative systems,
iNSERVi03,
InsideSales.com,
Insightful Science,
InsightSquared,
InspiringApps,
Instabase,
Instacart,
Instructure,
Insulet,
Insurify,
Integral Ad Science,
Integral Health,
Integrated DNA,
Intel,
Intellia Therapeutics,
Interactions,
Interactive Intelligence,
Intercom,
Intersystems,
Intrepid Pursuits,
intuit,
intuituve,
Invenia,
invision,
Invitae,
InVivo Therapeutics,
Invoice2go,
Iodine Software,
Iora Health,
iPourit,
IQ Tech Pros,
iRobot,
IronClad,
Isee,
Isobar,
Italic,
Iterate Labs,
iTexico,
Itron,
IXL Learning,
Izotope,
Jade Global,
Jana,
JASK,
Jasper,
Jaunt VR,
Javelin SemiConductor,
Jawbone,
JellyFish,
Jet,
Jetbrains,
Jibo,
Jive,
"Jobcase, Inc.",
JobTarget,
Jobvite,
Joor,
Jopwell,
Jovio,
Juniper Square,
just works,
Kahuna,
Kailedo,
Kaiser Permanente,
Karem Aircraft,
Karyon Global Group,
Kasasa,
Kayak,
Kazoo,
KeepSafe,
Keller Williams Realty,
Kensho,
Key Autism Services,
Khan Academy,
Khoros,
Kickback,
Kickstarter,
Kiip,
Kinnek,
Kinnser Software,
Kitty Hawk,
kiva,
Kixeye,
Klaviyo,
Klout,
Knuedge,
Kobe Digital,
Komodo Health,
Kony,
Kraken,
Kronologic,
Kronos,
Kuebix,
Kyruus,
Landed,
Laserfiche,
Last Line,
Launch Mobility,
LaunchDarkly,
LaVie,
Layer3TV,
LDR Holding,
Leandna,
Leanix,
Leesa Sleep,
LegalZoom,
Legit,
LendUp,
LevelUp,
Lever,
Levitate Foundry,
LG,
lifeIMAGE,
LifeSize,
LifeWork,
Liftoff,
LightMatter,
Lightspeed Systems,
Lime,
Limebike,
LinkedIn,
Linode,
Literati,
Lithium,
Lithium Werks,
Live Nation Entertainment,
LiveRamp,
Livescribe,
Living Proof,
Living Security,
Livongo,
Localytics,
Locus Robotics,
LogicManager,
LogicMonitor,
Logitech,
Logix Health,
LogMeIn,
LogRocket,
Logz.io,
Lola,
Longroad Energy,
Looker,
Lookout,
Loom,
Loot Crate,
Lose it!,
LovePop,
LTI,
Lucasfilm,
Lucid Software,
Lufthansa,
Lumapps,
lumen,
Luminex,
Luxe,
Luxoft,
Lyft,
M.Gemi,
Maana,
mabl,
Machine Zone,
MachineMetrics,
Madaket Health,
Madwire,
Maestro,
Magic,
MagicBus,
Magnitude Software,
mailchimp,
Makelane,
MakerBot,
Malauzi Software,
MAP Health Management,
Maple Media,
MapR Technologies,
Marigold Health,
mark43,
Marketo,
MarkForged,
MarkMonitor,
Marvell,
Masergy,
Massdrop,
MassMutual,
MasTec Advanced Technologies,
Masterclass,
Match.com,
MathWorks,
Mattermark,
Matterport,
Maven,
Mavrck,
MBTA,
McKesson,
mckinsky,
mealme,
Medallia,
Medely,
Media Math,
MediaBrix,
Mediavue,
Medici,
Medisafe,
Medium,
MedTouch,
Meetup,
Memorial Sloan Kettering,
MemSQL,
Mendix,
Mentor Collective,
Mentor Graphics,
Mercari,
Merrimack Pharmaceuticals,
Merryfield,
Mersana Therapeutics,
Mesosphere,
Meta,
Meteor,
Metromile,
MGemi,
MHNet,
MicroFocus,
Microsoft,
Mightier,
MindTouch,
Mineraltree,
Minted,
Mirakl,
MitraTech,
MITRE,
MixBit,
Mixpanel,
MLab,
MLB Advanced Media,
MobileIron,
Mobiliya,
Modern Animal,
Moderna Therapeutics,
Modernize,
MOJO,
moloco,
mongodb,
Monkey,
Monopar,
Mood Media,
Motek Technologies,
Mothership,
Motorola,
Motus,
moveworks,
Moz,
Mozido,
Mozilla,
Mphasis,
MSys Technologies,
Mulesoft,
Munchery,
Mutual Mobile,
MVF,
My.Com,
myfitnesspal,
myPanier,
Mythical Games,
Namagoo,
Name.com,
Namely,
Nanigans,
Nano Terra,
Nanoramic Laboratories,
Nara Logics,
Narrative Science,
NASA,
NASA Jet Propulsion Laboratory,
Nasuni,
Natera,
National Instruments,
Naughty Dog,
Navdy,
NBA,
Nebulus,
neeva,
NeighborSchools,
Nelson Technology,
Neon Therapeutics,
Neosem Technology,
Nervana Systems,
Nest,
NetApp,
Netbrain Technologies,
netflix,
Netspend,
Neurable,
Neural Magic,
Neurala,
New Relic,
Newfire Partners,
NewStore,
NexHealth,
Nexmo,
NEXT Trucking,
NexTag,
Nextdoor,
Nextiva,
nference,
NFL,
NGINX,
Niantic,
Nike,
Nimbula,
Nimbus Therapeutics,
Nintendo,
nok,
Nokia,
Nolo,
Nordstrom,
Northrop Grumman,
Noun Project,
Novanta,
Novati Technologies,
NSS Labs,
NTWRK,
Nuance,
Numerated Growth Technologies,
nuro,
Nutanix,
Nutonomy,
Nvidia,
ny times,
Oath,
Oblong,
ObserveIT,
Octane AI,
Ocular Thereputix,
OfferUp,
Oh My Green,
Ojo Labs,
OKCupid,
okta,
Olla.co,
Omnicell,
On A Whim,
OnDeck,
One Degree,
OneLogin,
OneSource Virtual,
OneSpot,
OneView Commerce,
Onshape,
OnsiteIQ,
Onsolve,
OpCity,
Open Mortgage,
Open Story,
Open Table,
Open Whisper Systems,
OpenBay,
OpenDoor,
OpenGov,
OpenPath Security Inc,
Opentrack,
OpenX,
Operator,
Opsgenie,
Optimizely,
Optimus Ride,
Optorow,
Oracle,
Orbit Fab,
Orbital Insight,
Orbitz,
Organogenesis,
Origin,
Osana,
Oscar Health,
Outbound Engine,
Outcomes4me,
Outdoor Voices,
Outreach,
Ovation,
Ovia Health,
Owl Labs,
Owlet Baby Care,
Oxys,
Pacific BioSciences,
Pagerduty,
Paintzen,
palantir,
Palo Alto Networks,
Panasonic,
Pandora,
Panorama Education,
Papaya Pay,
PAPER,
Paperless Post,
Parachute Health,
Parallels,
Paramount Pictures,
Particular Audience,
Path,
path ai,
Pathai,
Pathmatics,
PatientPing,
PatientsLikeMe,
Patreon,
PayFactors,
Paylocity,
Paypal,https://careers.pypl.com
Payscape,
PaySimple,
Paytronix,
Peach,
Peapod,
Peapod Digital Labs,
Pear Therapeutics,
PegaSystems,
Peleton,
pendo,
PeopleAdmin,
Perceptive Automata,
Perficient,
Perk.com,
Perksy,
Personify,
PHD Ventures,
Phenom,
Philo,
"PHP Agency, Inc",
Phunware,
Piaggo Fast Forward,
PickTrace,
PierianDx,
Pillpack,
Pindrop,
Ping Identity,
Pinger,
Pinpoint,
pinterest,
Pipe.com,
Pison,
Pivotal Labs,
Pixability,
Pixar Studios,
Pi√±ata Farms,
Placepass,
Plaid,
PlanGrid,
Planview,
Plastiq,
Platform.sh,
PlayQ,
Pluck,
Plum Lending,
PluralSight,
PlushCare,
Pocket Gems,
Porsche,
Postmates,
Predictive Index,
Predictive Science,
Predictive Technologies,
PresenceLearning,
Prezi,
Priceline,
Prism,
PrismHR,
Pristine,
Privitar,
Privy,
ProcessUnity,
Proclara Biosciences,
Procore,
Procore Technologies,
Profillic,
Profitwell,
Progress,
Project Ronin,
Promedior,
Prominic,
Promoboxx,
Proofpoint,
Protectwise,
Proteus Digital Health,
PRX,
ptc,
pulseData,
PulsePoint,
Pure Storage,
Pushnami,
Pwnie Express,
Pymetrics,
Q2Ebanking,
Qknow.com,
Qlik,
Qpid Health,
Qstream,
Qualcomm,
Qualtrics,
Quantcast,
Quanterix,
Quantopian,
Quantum Fuel Systems,
Quantum Interface,
Qubole,
Queen Consulting,
Quest Diagnostics,
Quest Groups LLC,
Quiet Logistics,
Quintiles,
Quip,
Quixey,
Quizlet,
qumulo,
Quora,
Quotien Technology,
Quova,
Ra Pharmaceuticals,
Rackspace,
Radius,
ramp,
Ranker/Watchworthy,
Rapid Micro Biosystems,
Rapid7,
RateGenius,
Raybeam,
rbc,
ReadMe,
Realtor.com,
recharge,
ReCharge Payments,
Recorded Future,
red hat,
Red Nova Labs,
Red Ventures,
Redbooth,
Redbull,
reddit,
reddit,
Redfin,
Reflexis Systems,
Reify Health,
Relativity,
Relativity Space,
Relay Therapeutics,
Reliable,
Remitly,
Rental Beast,
RentSpree,
RepairSmith,
Replenysh,
replicon,
Republican National Committee,
Responsys,
Restaurant365,
Restorbio,
Resy,
"RetailMeNot, Inc",
RetailNext,
Revature,
ReversingLabs,
Revvel,
Rex,
RF Code,
Rhapsody,
RideOS,
RightHand Robotics,
Righthand Robots,
Rigup,
Riot Games,
Riverbed,
Rivian,
Roadtrippers,
Robb Vices,
Robin,
Robin Games,
Robinhood,
Roblox,
Roche,
Rocket Insights,
Rockstar Games,
roku,
Rooster Teeth,
Rover,
RSA,
RTI,
Rubicon Project,
Rubrik,
Rue La La,
RunTitle,
RxSense,
Rylo,
SADA Systems,
Sagarsoft,
Sage Intacct,
SAGE Therapeutics,
Sageworks,
SailPoint Technologies,
SailThru,
Salary Finance,
Salesforce,https://careers.salesforce.com/en/jobs
Salsify,
Samba Nova,https://sambanova.ai/careers
samsara,
Samsung,https://www.samsung.com/us/careers
Samtec,
Santa Barbara Imaging Systems,
Sanzaru,
SAS Institute,
Savvy Money,
Sayva Solutions,
ScaleFactor,
Schireson,
schonfeld,
Schoology,
Scopely,
ScoreBig,
Scratchpay,
Scribd,
Sea Street Technologies,
SeaChange,
Seamless,
SeatGeek,
Second Order Effects,
Secureframe,
Securelink,
SEER,
Segment,
Seismic,
Selby Jennings,
Self Financial,
Semantic Bits,
SendGrid,
Seneca Systems,
Sense,
Sensible,
SensorTower,
Sensus,
Sentinel One,
sentry,
Serenova,
ServiceMax,
servicenow,
ServiceTitan,
Servier Pharmaceuticals,
SessionM,
Seventh Sense Biosystems,
SFL Scientific,
ShareThis,
SharkNinja,
Sharkwheel,
Shattuck Labs,
Shazam,
SheerID,
Shift,
ShipEngine,
Shippabo,
ShipStation,
ShipWell,
ShoreTel,
Shure,
Shutterfly,
ShutterStock,
Shyft Analytics,
Shyp,
Sift Science,
sig,
Signal Sciences,
Signifyd,
Silicon Beach Talent,
Silicon Labs,
Silverback Enterprise,
Simplisafe,
Simply Business,
Simply Measured,
SimplyCredit,
Simscale,
Sisense,
SKHMS,
Skillshare,
Skillsoft,
Skout,
Skyhigh,
Skyword,
Slab,
Slack,
Slalom,
Slice,
Slickdeals,
Smarking,
Smart Things,
Smartbear,
Smartcar,
Smartcat,
Smarthop,
Smartsense by Digi,
Smartsheet,
Smith Arnold Partners,
SMSAssist,
Smule,
SnackPass,
snackspass,
snap,
Snap Kitchen,
Snapchat,
Sneaker Con Digital,
snorkel ai,
snowflake,
Social Cipher,
Social Native,
Social Solutions,
Social Tables,
Socotra,
SoFi,
Soft Robotics,
SoftRams,
SoftServe,
Software Advice,
Solar City,
SolarWinds,
Sonde Health,
Sonos,
Sony Electronics,
Sony Imageworks,
Sony Playstation,
Sony Playstation Game Studio,
Soofa,
sound transit,
SoundCloud,
Soundgard,
Source Intelligence,
South of LA,
SpaceClaim,
SpaceX,
SpareFoot,
SparkCognition,
Sparrow,
Sparta Consulting,
Spectrum,
Sphero,
Spiceworks,
Spin Memory,
SpinLaunch,
Spire,
splunk,
Spoke,
spotify,
SpotOn,
Spreetail,
Sprinklr,
Sprint,
Sprout Social,
Spyce,
SpyCloud,
Sqrrl,
Square,
Squarespace,
SS&C,
Stack Overflow,
StackPath,
Starry,
Stealth Bio Therapeutics,
Stealthfloor,
SteelHouse,
Stellar,
Stem Disintermedia,
Sterling-Hoffman,
Stich FX,
Stoplight,
Storable,
Storied,
Storm8,
StraighterLine,
Strategic IT Staffing LLC,
Stratus,
StreetEasy,
stripe,
Study.com,
SugarCM,
SummerSalt,
Summit Healthcare,
Sumo Logic,
Sunlink,
SupplyWorks,
SURE,
Surround Insurance,
Surveying and Mapping,
SurveyMonkey,
sweetgreen,
Swerve Solutions,
Swiftly,
Swoop,
Symantic,
symbotic,
Synamedia,
Synlogic,
Synopsys,
Syntel,
T-mobile,
Tableau Software,
"Taco Bell, Corporate",
take two interactive,
Takeoff Technologies,
Takt,
Tala,
Talend,
Talent Reach,
TalentBridge,
Talkdesk,
Talla,
Tamr,
Tango,
Tangoe Software,
Tanium,
Tank Design,
TAPBLAZE,
TapJoy,
Target,https://corporate.target.com/careers
Taris,
Tarvada Therapeutics,
TCR2,
TechAspect,
Technicolor,
TechStars,
TechTarget,
TED,
Teespring,
Telenav,
TeleSign,
Televet,
TellApart,
Tellus Labs,
Tempered Networks,
Tenable Network Security,
Tenex Health,
Tenfold,
tesla,
Tesla Motors,
Test.ai,
Texas Department of Public Safety,
Texas Education Agency,
texas instruments,
TextNow,
Thasos Group,
The Broad Institute,
The Centrics Group,
The Climate Corporation,
The Daily Dot,
The Faster Times,
The Gnar Company,
The Grommet,
The Growing Team,
The Guild,
The Honest Company,
The Internet Archive,
The League,
The RealReal,
The Reynolds and Reynolds Company,
The University of Texas,
The Zebra,
Theorem,
Theoremlp,
ThermoFischer Scientific,
Think360,
Thinkful,
ThoughtSpot,
ThoughtWorks,
ThousandEyes,
Threat Stack,
thredUP,
Thrive,
Thrive Global,
Thrive Market,
"Thrive Market, Inc",
Thumbtack,
TicketGuardian,
tiktok,
Tile,
Tillster,
Tilt,
Time Inc,
Timehop,
Tinder,
Tint,
Tintri,
Tinybeans,
TiVo,
Tmobile,
Toast,
Token,
Tonebase,
Top Hat,
Topaz Power,
Touchplan,
tower research,
Toyota Research Institute,
Trace Genomics,
TrackOff,
Trade Web,
Tradesy,
Translate Bio,
Transmit Security,
Transparency-One,
Travelport,
Treehouse Internet Group,
TrendKite,
Trilogy,
Trinet,
Trinity Event Staffing,
TripAdvisor,
TripleSeat,
Triplet Therapeutics,
True Fit,
TrueCar,
TrueMotion,
Trulia,
TruSource Labs,
Trustwave,
Truveris,
Tulip,
Tumblr,
Tunein,
Turbonomic,
Turnkey Lender,
turtle rock studios,
tusimple,
Twentieth Century Fox,
Twilio,
TwineHealth,
twitch,
Twitter,
two sigma,
Ubeam,
Uber,https://www.uber.com/global/en/careers/list/140632/?uclick_id=91915282-b945-4ed4-b228-548878625ae5
Ubisoft,
UBS,
Udacity,
Udemy,
UIPath,
Ultimate Software,
UltraGenyx,
Under Armour Connection Fitness,
unisys,
Unite Us,
United Masters,
Unity Technologies,
Unknown Company (Row 149),https://sjobs.brassring.com/TGnewUI/Search/home/HomeWithPreLoad?partnerid=25397&siteid=5259&PageType=JobDetails&jobid=620731#Applypage
UpdatePromise,
Upgrade,
Upland Software,
UPS,
Uptake,
Upwork,
uShip,
Valimail,
valve,
Vangst,
Varsity Tutors,
vAuto,
VBI Vaccines,
Vecna Robotics,
vector works,
Veeva,
Veiridum,
Venmo,
Veo Robotics,
Veracode,
Veridum,
verizon,
Verizon Wireless,
verkada,
Vertafore,
Vestmark,
VEVO,
Viant,
Videa Health,
Viewpoint,
Viget,
vimeo,
Virgin Galactic,
visa,
Visa Consulting Group,
VistaPrint,
Visterra,
Vlocity,
VMWare,
VMware Carbon Black,
"VNTANA, Inc.",
Voatz,
Vocalis Health,
Voice Assist,
Voice Glance,
voleon,
Volusion,
Vox Media,
Voxel8,
Voyager Therapeutics,
Vrbo,
Vroom,
VSCO,
Vungle,
Waabi,
Wal-Mart,
WalkMe,
Walmart,
Warby Parker,
Warp Drive Bio,
WAVE,
Wave Life Sciences,
WaveXR,
Wayfair,
waymo,
Waze,
Web.com,
Weblayers,
Wedding Wire,
Weebly,
Well,
WellFrame,
Wellist,
Welltok,
WhiteSource,
Who Gives a Crap,
Whole Foods,
Whoop,
WillowTree,
Wimmer Solutions,
wing,
Wiser Solutions,
Wish,
Wisk Aero,
Wistia,
Within,
Witricity,
Wombly,
WordStream,
Workable,
Workday,
Workfront,
Workhuman,
WorkIt,
Worksmith,
Woven,
WP Engine,
WrkBook,
X,
X4 Pharmaceuticals,
XBiotech,
XCLAIM,
XL,
xylem,
yahoo,
Yahoo / Oath,
Yandex,
Yapstone,
Yardi Systems,
Yelp,
Yesware,
yext,
Yodle,
Yonder,
you,
YouTube,
Zagster,
Zaius,
Zelos Gaming Inc.,
Zendesk,
Zenefits,
Zenoss,
Zero,
ZeroCater,
ZeroFox,
ZeroTurnaround,
Zillow,
Zipcar,
Zipline,
Ziprecruiter,
Zoba,
ZocDoc,
Zola,
zoom,
Zoosk,
Zoox,
Zscaler,
Zulily,
Zume,
Zumper,
Zuora,
Zynga,
